{
  "baseline_hr": 50.041528239202655,
  "baseline_tremor_rms": 0.0,
  "hr_per_mg_L": null,
  "body_weight_kg": 70.0,
  "calibration_timestamp": "2026-03-19T08:15:01.617309"
}